reducer,date,NDVI,NDBI,IBI,UI
mean,2017-03-30,0.11846327150953512,0.014458590760895307,-35.665661096080676,-0.04664485162793962
mean,2017-04-06,0.11390436166674654,-0.05145912508411086,-0.28496238708924465,-0.1195882502612764
mean,2017-04-16,0.12206951995137609,-0.15218075493570754,-5.367963129946909,-0.2008767055045322
mean,2017-04-19,0.11045729496556282,0.003237929633650088,-0.40424831539533945,-0.06521708725017226
mean,2017-04-26,0.19213810414999635,-0.24197978140175588,3.951971587445059,-0.30328239220109526
mean,2017-04-29,0.1571937080674922,-0.09026345090078523,1.4121890952804832,-0.2111132750942694
mean,2017-05-06,0.14584922028383066,-0.30325135539849113,-1.374362661753701,-0.3667012627723953
mean,2017-05-09,0.11344341388817077,0.03312720474680006,0.37499464668026733,-0.042228576637875194
mean,2017-05-19,0.10715287525335732,0.030155954385034545,-3.3149458060833465,-0.03009953351131525
mean,2017-05-26,0.12544851913601493,-0.32196783596335926,1.377447447460149,-0.3762559027069862
mean,2017-05-29,0.14350062786785975,-0.0075374815522680685,-0.7113041745720222,-0.11149177313567414
mean,2017-06-05,0.09979442341021671,-0.08374631048536947,3.0938699726239403,-0.13002681920415232
mean,2017-06-08,0.2485834927596519,-0.1041464044912422,1.4232397595269033,-0.2818953642582647
mean,2017-06-15,0.12557043148365438,-0.1400782746419204,-6.268219388799954,-0.22040659320160236
mean,2017-06-18,0.07146404435506784,-0.051748149693996666,2.4024706399234943,-0.14608696556717626
mean,2017-06-25,0.0873729335376352,-0.1228503258725341,3.8119806910517218,-0.16440465246914535
mean,2017-06-28,0.07552721289778283,0.06774589267492595,2.572231810876027,0.0044782142498468675
mean,2017-07-05,0.09137741096182314,-0.37040444682904106,2.1126163656924795,-0.4099229081323216
mean,2017-07-18,0.14202795926537212,0.008685719319526636,-12.107308599686467,-0.12319478771247162
mean,2017-07-25,0.12533517529645735,-0.13410521518575483,-0.9339581166648653,-0.19447601444136883
mean,2017-07-28,0.08725004342249429,0.04587314209593243,-33.09165634568747,-0.019230337589163336
mean,2017-08-04,0.13023736335357675,-0.2035233081934337,1.1070720048409168,-0.25250803522528725
mean,2017-08-14,0.11866337055565555,-0.16206586393054856,0.5270558721192832,-0.23439846908925951
mean,2017-08-17,0.08996250290767832,0.06151792496259561,14.939880726180958,-0.003583444495731236
mean,2017-08-24,0.11067926484489153,-0.07789724361223734,7.677230901420965,-0.14297818740334764
mean,2017-08-27,0.09607064331773287,0.05403121230970823,8.273754299161338,-0.012819024988764745
mean,2017-09-03,0.08517749351917506,0.0578023361558898,-2.8666450746431167,-0.019002821013124838
mean,2017-09-06,0.11019001801957808,0.041752839294362486,-1.2521350411905652,-0.024456073625986965
mean,2017-09-13,0.10417224888632266,0.045722746721996006,-2.4413125011499726,-0.022762654493458358
mean,2017-09-16,0.10224890559256936,0.04839344226337108,2.0577278795341143,-0.016646460747775364
mean,2017-09-23,0.0991144420370079,0.036618747488518046,-53.474000945643965,-0.02867943432806714
mean,2017-09-26,0.089393275533378,0.049192540234030024,3.9899036176840124,-0.018973516356268153
mean,2017-10-03,0.1680913896231082,-0.061536569366269445,0.7910944541514877,-0.22201617782209207
mean,2017-10-06,0.10695013385054458,0.0538143188175897,-6.383589228137007,-0.010376258834536467
mean,2017-10-13,0.10813850163771604,0.03984086939993217,-19.684956930095705,-0.02612221089680476
mean,2017-10-16,0.10110399274454217,0.05096247236535536,-18.28221674182923,-0.012479860092488169
mean,2017-10-23,0.26333265022574887,-0.14985073046282973,0.7263534970390125,-0.34308219789470334
mean,2017-10-26,0.1116307597775473,0.00643337213523913,-7.042684529035878,-0.05789365585644092
mean,2017-11-02,0.13671421741930556,0.042716831928748616,20.839342394275455,-0.027359358462873254
mean,2017-11-05,0.1116307597775473,0.00643337213523913,-7.042684529035878,-0.05789365585644092
mean,2017-11-12,0.1116307597775473,0.00643337213523913,-7.042684529035878,-0.05789365585644092
mean,2017-11-15,0.08193199856562669,-0.1406986443778445,1.8430288428710626,-0.3154030633316083
mean,2017-11-22,0.12012237094112262,0.04563816492992699,-0.6757437180082286,-0.02395867584207938
mean,2017-11-25,0.1116307597775473,0.00643337213523913,-7.042684529035878,-0.05789365585644092
mean,2017-12-02,0.1116307597775473,0.00643337213523913,-7.042684529035878,-0.05789365585644092
mean,2017-12-05,0.1230441257926156,0.04138129666290366,0.6636595046236927,-0.02830634295815581
mean,2017-12-12,0.11318674146508693,0.03108191433946673,0.33475261057521444,-0.05442639044805744
mean,2017-12-15,0.10054528434376073,0.07569764680565119,-3.763132482117136,0.009710197072288687
mean,2017-12-17,0.1116307597775473,0.00643337213523913,-7.042684529035878,-0.05789365585644092
mean,2017-12-20,0.1116307597775473,0.00643337213523913,-7.042684529035878,-0.05789365585644092
mean,2017-12-22,0.1116307597775473,0.00643337213523913,-7.042684529035878,-0.05789365585644092
mean,2017-12-25,0.11316409386981176,0.047357439952481144,-2.2952311801058434,-0.030190807896325077
mean,2017-12-27,0.1248877516559281,0.026311827455514584,-2.5154587045920778,-0.04907823747390104
mean,2017-12-30,0.11691301914478498,0.06433424136138012,3.8618584592278586,0.00836912480721089
mean,2018-01-01,0.12606893459235158,0.015909469721340774,0.9527646088836504,-0.06569181698525406
mean,2018-01-04,0.1116307597775473,0.00643337213523913,-7.042684529035878,-0.05789365585644092
mean,2018-01-06,0.11591977192429284,0.018623640435011263,-68.53587225998788,-0.04545759799139124
mean,2018-01-09,0.1116307597775473,0.00643337213523913,-7.042684529035878,-0.05789365585644092
mean,2018-01-11,0.1116307597775473,0.00643337213523913,-7.042684529035878,-0.05789365585644092
mean,2018-01-14,0.1116307597775473,0.00643337213523913,-7.042684529035878,-0.05789365585644092
mean,2018-01-16,0.1255716043481832,0.0034089297929833255,-2.979465043119383,-0.08995236398309674
mean,2018-01-19,0.13188923170544178,0.06346172969652061,-2.8374461079476467,0.0075788078583979394
mean,2018-01-21,0.1116307597775473,0.00643337213523913,-7.042684529035878,-0.05789365585644092
mean,2018-01-24,-8.961009454023664e-06,-0.6132745535974294,3.093655658980232,-0.6012857864098264
mean,2018-01-26,0.13302864539121487,-0.004527870904674618,20.000694240186206,-0.08319259840974073
mean,2018-01-29,0.1212372221223646,0.051711935632438706,-0.658665315661934,-0.0076263694050069586
mean,2018-01-31,0.12763693572741855,0.03552221725008224,-22.465333616523846,-0.046361704753665196
mean,2018-02-05,0.12366587890517856,0.03469158328490013,3.2906784345902778,-0.018338932835923236
mean,2018-02-08,0.11737970382738917,0.09817432984475247,-2.7047735323977453,0.045095693282903186
mean,2018-02-10,0.1116307597775473,0.00643337213523913,-7.042684529035878,-0.05789365585644092
mean,2018-02-13,0.1116307597775473,0.00643337213523913,-7.042684529035878,-0.05789365585644092
mean,2018-02-15,0.1116307597775473,0.00643337213523913,-7.042684529035878,-0.05789365585644092
mean,2018-02-18,0.1116307597775473,0.00643337213523913,-7.042684529035878,-0.05789365585644092
mean,2018-02-20,0.1116307597775473,0.00643337213523913,-7.042684529035878,-0.05789365585644092
mean,2018-02-23,0.1116307597775473,0.00643337213523913,-7.042684529035878,-0.05789365585644092
mean,2018-02-25,0.1116307597775473,0.00643337213523913,-7.042684529035878,-0.05789365585644092
mean,2018-02-28,0.13690284888532714,0.038141337113482957,-1080.9790415352031,-0.05207992182333239
mean,2018-03-02,0.1116307597775473,0.00643337213523913,-7.042684529035878,-0.05789365585644092
mean,2018-03-07,0.0988765942333326,0.08014754068068451,-0.5398557822690704,0.0326410020599933
mean,2018-03-10,0.13203283742161856,0.09834697894090659,48.05949680258023,0.050903404964924556
mean,2018-03-12,0.09226025868752559,0.07658433620486389,-2.4260859623638336,0.011957761433972753
mean,2018-03-15,0.11889501623188,0.08863238141598781,-5.348929607410451,0.03121806673443387
mean,2018-03-17,0.1116307597775473,0.00643337213523913,-7.042684529035878,-0.05789365585644092
mean,2018-03-20,0.10883096035642703,0.05671376700923786,-6.7720184615202,-0.0195267594500242
mean,2018-03-22,0.1116307597775473,0.00643337213523913,-7.042684529035878,-0.05789365585644092
mean,2018-03-25,0.1116307597775473,0.00643337213523913,-7.042684529035878,-0.05789365585644092
mean,2018-03-27,0.03949678299420217,-0.08481635946290138,0.7836244396400401,-0.13569301655727534
mean,2018-03-30,0.16307873831321779,0.05723402247261195,-3.6199335410999534,0.0094986415668538
mean,2018-03-30,0.19095736573184333,0.017983080131712893,0.3270997323424077,-0.04703352488010398
mean,2018-04-01,0.1116307597775473,0.00643337213523913,-7.042684529035878,-0.05789365585644092
mean,2018-04-04,0.11722261014357477,0.03453119816408273,24.78673248676712,-0.02379010016845244
mean,2018-04-06,0.09904841845791848,-0.04611035899742649,-0.07791072535333515,-0.1269903725251426
mean,2018-04-09,0.1611108411999698,0.04896284457693811,-5.996117984890889,0.004104886787711314
mean,2018-04-11,0.1116307597775473,0.00643337213523913,-7.042684529035878,-0.05789365585644092
mean,2018-04-14,0.11874100239260751,0.030818602196941103,-0.16818726918493296,-0.03180432759653799
mean,2018-04-16,0.1116307597775473,0.00643337213523913,-7.042684529035878,-0.05789365585644092
mean,2018-04-19,0.14643004853754044,0.022852427662877407,-4.75561463471176,-0.03493066697642535
mean,2018-04-21,0.15524898127030937,-0.019534313425187768,-0.1762039501921158,-0.09704455786768365
mean,2018-04-24,0.1314110329246818,0.017460710993323355,0.3615166286126696,-0.04117541665796492
mean,2018-04-26,0.1268088676917091,0.03226818529226074,-5.398000964968899,-0.0049306133604994085
mean,2018-04-29,0.10072991490140087,-0.009862731581205824,-3.972955690045725,-0.07578184882922444
mean,2018-05-01,0.12040640194834537,0.022531686987464394,-1.310784004544394,-0.04547663265000575
mean,2018-05-04,0.11933517351563712,0.0031490909581470285,-1.3262324884780432,-0.0915739029217328
mean,2018-05-06,0.1116307597775473,0.00643337213523913,-7.042684529035878,-0.05789365585644092
mean,2018-05-09,0.11030269642339428,0.06134699402166846,-0.794638373344238,0.01188338616845359
mean,2018-05-11,0.12312765599399508,0.020317653992802234,-2.1832908134759275,-0.08522388512012428
mean,2018-05-14,0.11615813287358709,0.04721279292967829,-0.6728196496138524,-0.004162966313469979
mean,2018-05-16,0.1116307597775473,0.00643337213523913,-7.042684529035878,-0.05789365585644092
mean,2018-05-19,0.10853684355442118,0.025046723271045644,-2.165551547007181,-0.035863169174034794
mean,2018-05-21,0.09014051025362169,0.03818338302401018,-21.139190273061242,-0.025663267252079527
mean,2018-05-24,0.0830250660369616,-0.4716729834712582,1.9381790214304964,-0.5036165957971416
mean,2018-05-26,0.09645104280650652,0.004748931911360553,-3.3550447175207445,-0.0507305221100865
mean,2018-05-29,0.11862503031413947,0.059916150438509654,-4.5636459523502415,0.009654433993903646
mean,2018-05-31,0.07054899197384476,0.039298655691842016,-2.0681540036944237,-0.0102338524891104
mean,2018-06-03,0.20997035251118873,0.02581131586662445,-0.019951744167125703,-0.09076180732820897
mean,2018-06-03,0.10683182191749704,0.07181898562861361,-8.937605264813392,0.014045292316391686
mean,2018-06-05,0.08729806120709145,0.022497846969121566,-4.371445760152282,-0.01979719281384268
mean,2018-06-08,0.09520425334638705,0.06294512909566335,6.372475254370588,0.009312134921322665
mean,2018-06-10,0.05298724084156749,0.044246473862570405,2.599180884469038,-0.004447370270653204
mean,2018-06-13,0.09943460845736274,0.079388622559484,-4.163901872690168,0.01787733240226108
mean,2018-06-15,0.1116307597775473,0.00643337213523913,-7.042684529035878,-0.05789365585644092
mean,2018-06-18,0.10339522144699193,0.04214379696709066,0.8843526023552452,-0.037021018630894
mean,2018-06-20,0.1116307597775473,0.00643337213523913,-7.042684529035878,-0.05789365585644092
mean,2018-06-23,0.10894248809335721,0.06737909364452588,2.515634545063395,0.0024679513496229035
mean,2018-06-25,0.03621809273210301,-0.03285481623160524,2.0390432509879997,-0.10743116549079594
mean,2018-06-28,0.1116307597775473,0.00643337213523913,-7.042684529035878,-0.05789365585644092
mean,2018-06-30,0.11426117565563462,0.04617679123185327,-7.880435519437934,-0.022397298532921883
mean,2018-07-03,0.11903081565122502,0.05368816691346683,22.805421527234852,-0.010864955885736237
mean,2018-07-05,0.10771734514233916,0.04881418972819278,5.782668810553244,0.0032749322890266016
mean,2018-07-08,0.08911534920369867,0.0562602840245359,-7.980488953418636,0.005344832033354223
mean,2018-07-10,0.09703225200746345,0.038451409422412375,-1.1054679476279166,-0.019992871838771954
mean,2018-07-13,0.11923204047910155,0.05597193186471084,-1.7153893759985395,-0.0019325193154450299
mean,2018-07-15,0.11646013830155305,0.03338853050486525,-2.0240868292548626,-0.0046084057295170885
mean,2018-07-18,0.12807814514202118,0.0724682616816881,87.83488224171214,0.02523801421900381
mean,2018-07-20,0.10531292978634166,0.05679628890206565,-2.5609690301292396,-0.0016426171716887158
mean,2018-07-23,0.1116307597775473,0.00643337213523913,-7.042684529035878,-0.05789365585644092
mean,2018-07-25,0.10045648328380687,0.05684614516970998,7.931299356934035,0.013174920366693037
mean,2018-07-28,0.1159015343582759,0.08309676368024933,0.6198133455534559,0.027749090371766493
mean,2018-07-30,0.0946325849818419,0.06368452156949356,0.2103886420978447,0.00520286871820172
mean,2018-08-02,0.06052432293655478,0.09643934447145787,14.371340782371448,0.03101180306158782
mean,2018-08-04,0.13273575300851448,0.02043541147444656,-0.4786037171851708,-0.052276812105120106
mean,2018-08-07,0.12054057527055076,0.06848204393526418,-1.2486400358131045,0.012452786987818881
mean,2018-08-09,0.09782708461777537,0.03622758696605335,12.39507982676603,-0.01342665710142011
mean,2018-08-14,0.10650639072971065,0.05400117926073579,20.36471897980676,0.008150308000517551
mean,2018-08-17,0.21092897103991795,-0.030074101361260753,-2.7473382352868434,-0.15497676351635287
mean,2018-08-19,0.1101047526574375,0.058051869912706715,-0.5645237938763819,-0.012050775927388858
mean,2018-08-22,0.10258693123810847,0.05966951170062284,-1.4596099770901882,-0.005865264432036001
mean,2018-08-24,0.0881929067498153,0.06261366216401473,-0.0995062566732929,0.0252865215472335
mean,2018-08-27,0.1116307597775473,0.00643337213523913,-7.042684529035878,-0.05789365585644092
mean,2018-08-29,0.1325850639193116,0.04495354055433867,-676.6984968940021,-0.06002044076872384
mean,2018-09-01,0.11594912139164087,0.05853101165517412,8.36861878060437,-0.015335948734727158
mean,2018-09-03,0.11095466723872081,0.05553769837137975,1.8818795817745886,0.010936891049855627
mean,2018-09-06,0.1390577465186313,0.08160816237597159,41.1001056959802,0.028663940753502228
mean,2018-09-08,0.1116307597775473,0.00643337213523913,-7.042684529035878,-0.05789365585644092
mean,2018-09-11,0.10782759886072962,0.048296482444926944,-1.6003993110163814,-0.01801188854620646
mean,2018-09-13,0.17509396518158563,-0.007589806923276397,3.3878409709580333,-0.11921993572385013
mean,2018-09-16,0.12261430299185537,0.08857828756440923,-4.728041122365141,0.03078152981245694
mean,2018-09-18,0.13832361716123573,-0.17338553655199926,2.08801965054559,-0.3450786157344936
mean,2018-09-21,0.11323249013263238,0.046797922182421244,0.1016785917105459,-0.01984168226121819
mean,2018-09-23,0.10862250069123569,0.03169363741846893,14.133919278705223,-0.01719194002931542
mean,2018-09-26,0.1116307597775473,0.00643337213523913,-7.042684529035878,-0.05789365585644092
mean,2018-09-28,0.1116307597775473,0.00643337213523913,-7.042684529035878,-0.05789365585644092
mean,2018-10-01,0.11127783961863806,0.011628176405068132,-1.0186601174955268,-0.07982540138566022
mean,2018-10-03,0.07777791064118213,-0.10618327732496577,1.6378746256131003,-0.16153216357325928
mean,2018-10-06,0.11193888587381709,0.041978542673481826,1.015434233454045,-0.03919340533160896
mean,2018-10-08,0.10085521058638389,0.05345765236508059,2.088715043512721,-0.011353970711149311
mean,2018-10-13,0.12262496123443928,-0.04308945955956255,1.8738609942012543,-0.15721519562737904
mean,2018-10-16,0.1116307597775473,0.00643337213523913,-7.042684529035878,-0.05789365585644092
mean,2018-10-18,0.11464134802792798,0.037798251343514,2.8345383513476157,-0.04590916256561454
mean,2018-10-21,0.1116307597775473,0.00643337213523913,-7.042684529035878,-0.05789365585644092
mean,2018-10-23,0.1116307597775473,0.00643337213523913,-7.042684529035878,-0.05789365585644092
mean,2018-10-26,0.14675151487256233,0.06727154336276281,3.1609986928180267,0.017541530146219758
mean,2018-10-28,0.11834549794727965,0.06996756351042617,-4.419682875541307,-0.00965479843270502
mean,2018-10-31,0.10445364924398678,0.06113309321346555,2.4529688184697105,-0.013935111134073098
mean,2018-11-02,0.12024021053707844,0.07188181737489538,2.2904762726123353,0.016684349117283573
mean,2018-11-05,0.1116307597775473,0.00643337213523913,-7.042684529035878,-0.05789365585644092
mean,2018-11-07,0.0978429640389982,0.016949651496311675,-1.6058530882124644,-0.1250957189721333
mean,2018-11-10,0.1116307597775473,0.00643337213523913,-7.042684529035878,-0.05789365585644092
mean,2018-11-12,0.07319385163465386,-0.03735753263149349,15.170086194379397,-0.1203946980533512
mean,2018-11-15,0.14177321718616523,0.010462581825855105,-5.612683205495147,-0.05788984875618992
mean,2018-11-17,0.1116307597775473,0.00643337213523913,-7.042684529035878,-0.05789365585644092
mean,2018-11-20,0.1116307597775473,0.00643337213523913,-7.042684529035878,-0.05789365585644092
mean,2018-11-22,0.1116307597775473,0.00643337213523913,-7.042684529035878,-0.05789365585644092
mean,2018-11-25,0.1116307597775473,0.00643337213523913,-7.042684529035878,-0.05789365585644092
mean,2018-11-27,0.1116307597775473,0.00643337213523913,-7.042684529035878,-0.05789365585644092
mean,2018-11-30,0.1116307597775473,0.00643337213523913,-7.042684529035878,-0.05789365585644092
mean,2018-12-02,0.1116307597775473,0.00643337213523913,-7.042684529035878,-0.05789365585644092
mean,2018-12-05,0.1116307597775473,0.00643337213523913,-7.042684529035878,-0.05789365585644092
mean,2018-12-07,0.17514480807001725,-0.06471386991210146,-1.5555970656528877,-0.17633666892949199
mean,2018-12-10,0.1116307597775473,0.00643337213523913,-7.042684529035878,-0.05789365585644092
mean,2018-12-12,0.13332581111800826,0.026695720592902455,36.06827764349221,-0.02977747983845265
mean,2018-12-15,0.037528801092424006,-0.08732692523236667,3.4734171503242472,-0.16941138498791697
mean,2018-12-17,0.1116307597775473,0.00643337213523913,-7.042684529035878,-0.05789365585644092
mean,2018-12-20,0.12470962065277501,0.03173870034132385,2.87666808316426,-0.05775844237187896
mean,2018-12-22,0.11819802942385682,-0.019058964817956804,1.078121824303153,-0.09580615121752713
mean,2018-12-25,0.054597563899682906,-0.09924091378851951,1.4893831222000493,-0.17046758225286285
mean,2018-12-27,0.12858535385303443,0.024689804407170307,17.05213759586054,-0.058480848177697664
mean,2018-12-30,0.1116307597775473,0.00643337213523913,-7.042684529035878,-0.05789365585644092
mean,2019-01-01,0.1116307597775473,0.00643337213523913,-7.042684529035878,-0.05789365585644092
mean,2019-01-04,0.1116307597775473,0.00643337213523913,-7.042684529035878,-0.05789365585644092
mean,2019-01-06,0.05121791403604348,-0.4171390993847509,2.2182870696233885,-0.472714562304268
mean,2019-01-09,0.1116307597775473,0.00643337213523913,-7.042684529035878,-0.05789365585644092
mean,2019-01-11,0.019412549222374675,-0.6898829822586113,3.2081731733814345,-0.6515153324063148
mean,2019-01-14,0.1116307597775473,0.00643337213523913,-7.042684529035878,-0.05789365585644092
mean,2019-01-16,0.1080591901304158,0.036982067785786776,1.9575935173428851,-0.03339518272970195
mean,2019-01-19,0.10047520747374504,0.04760745448375989,53.92379383474193,-0.012907564784527321
mean,2019-01-21,0.10353164387946272,0.04699690979586358,0.9217731073653711,-0.01306303733366823
mean,2019-01-24,0.22375033635571354,0.016019056093068217,-0.702270744343712,-0.08632484543102101
mean,2019-01-26,0.1116307597775473,0.00643337213523913,-7.042684529035878,-0.05789365585644092
mean,2019-01-29,0.1116307597775473,0.00643337213523913,-7.042684529035878,-0.05789365585644092
mean,2019-01-31,0.1116307597775473,0.00643337213523913,-7.042684529035878,-0.05789365585644092
mean,2019-02-03,0.1116307597775473,0.00643337213523913,-7.042684529035878,-0.05789365585644092
mean,2019-02-05,0.09949884026897737,0.02330788835995063,-9.43617506008927,-0.0593096377004038
mean,2019-02-08,0.1116307597775473,0.00643337213523913,-7.042684529035878,-0.05789365585644092
mean,2019-02-10,0.12205921430242102,0.04144986378439897,0.3721652097628436,-0.01997224458580624
mean,2019-02-13,0.1116307597775473,0.00643337213523913,-7.042684529035878,-0.05789365585644092
mean,2019-02-15,-0.011211086650380942,-0.5898174675475131,3.190996640698328,-0.6825039490778771
mean,2019-02-18,0.10844993937207976,0.022855184276816768,-8.961711337893234,-0.04414087598476363
mean,2019-02-20,0.11431634304014851,0.04981382187295735,-0.8991634508928661,0.0017707065426754711
mean,2019-02-23,0.1116307597775473,0.00643337213523913,-7.042684529035878,-0.05789365585644092
mean,2019-02-25,0.1116307597775473,0.00643337213523913,-7.042684529035878,-0.05789365585644092
mean,2019-02-28,0.11990278221753815,0.020490526984834494,0.2281590140765301,-0.056044879152606364
mean,2019-03-02,0.1172231584257658,0.038252749391376836,-3.163573576557017,-0.005785420720281351
mean,2019-03-05,0.12467813362403815,0.07076685592072679,1.949582711167692,0.024553936263779715
mean,2019-03-07,0.10278553033559505,0.04615391248531198,-0.5369992509491803,-0.007567271200040276
mean,2019-03-10,0.11410969886049556,0.04970404557560274,1.152078222986264,-0.0031901773371982257
mean,2019-03-12,0.1116307597775473,0.00643337213523913,-7.042684529035878,-0.05789365585644092
mean,2019-03-15,0.1116307597775473,0.00643337213523913,-7.042684529035878,-0.05789365585644092
mean,2019-03-17,0.09824573150411148,0.043893405989613776,1.921961719265487,-0.006838538814976192
mean,2019-03-20,0.1116307597775473,0.00643337213523913,-7.042684529035878,-0.05789365585644092
mean,2019-03-22,0.1116307597775473,0.00643337213523913,-7.042684529035878,-0.05789365585644092
mean,2019-03-25,0.13209444019894,0.05598196030545314,-0.5863637007194565,0.009657427007099735
mean,2019-03-27,0.1116307597775473,0.00643337213523913,-7.042684529035878,-0.05789365585644092
mean,2019-03-30,0.13199247601938455,0.009065722589596838,3.09886299355213,-0.06093245520685929
mean,2019-04-01,0.1374434235477106,0.05083552497727448,0.27566670852542824,0.010147613938097802
mean,2019-04-04,0.1323456400075063,0.047329858614644414,-3.2067208254964834,-0.002329232303816207
mean,2019-04-06,0.1116307597775473,0.00643337213523913,-7.042684529035878,-0.05789365585644092
mean,2019-04-09,0.1116307597775473,0.00643337213523913,-7.042684529035878,-0.05789365585644092
mean,2019-04-11,0.1272529600252418,0.037014657440693134,-1.4387023746073764,-0.008806804083245771
mean,2019-04-14,0.1116307597775473,0.00643337213523913,-7.042684529035878,-0.05789365585644092
mean,2019-04-16,0.1116307597775473,0.00643337213523913,-7.042684529035878,-0.05789365585644092
mean,2019-04-19,0.12074113584600236,0.01619100673571794,-7.126350529713051,-0.05009078571812124
mean,2019-04-21,0.1116307597775473,0.00643337213523913,-7.042684529035878,-0.05789365585644092
mean,2019-04-24,0.1116307597775473,0.00643337213523913,-7.042684529035878,-0.05789365585644092
mean,2019-04-26,0.10960217037037907,0.014467420859450315,1.89972560601344,-0.04784697077404369
mean,2019-04-29,0.12923026798460852,0.018942822942662536,-9.603541949743336,-0.03330908905796635
mean,2019-05-01,0.1116307597775473,0.00643337213523913,-7.042684529035878,-0.05789365585644092
mean,2019-05-04,0.1116307597775473,0.00643337213523913,-7.042684529035878,-0.05789365585644092
mean,2019-05-06,0.13034451338677733,0.018143375118626345,-0.7250121558548158,-0.03767334303450781
mean,2019-05-09,0.11408270034375743,0.049228383031563794,-15.55266729262735,-0.004186357692464371
mean,2019-05-11,0.14487684282389002,0.044618821877063446,1.8503103362059659,0.0011900598562636026
mean,2019-05-14,0.1116307597775473,0.00643337213523913,-7.042684529035878,-0.05789365585644092
mean,2019-05-16,0.08845109482120739,0.03363347287134058,6.268810899474739,-0.01697820413116221
mean,2019-05-19,0.1116307597775473,0.00643337213523913,-7.042684529035878,-0.05789365585644092
mean,2019-05-24,0.13418726255696875,0.027236668737715658,-1.1381488958401964,-0.04255631749122368
mean,2019-05-26,0.3187879321478214,-0.0635258189604704,0.43649394455299856,-0.2048543709390023
mean,2019-05-29,0.10984640406401447,0.051710824069067456,-2225.9565713844395,-0.000807910216693234
mean,2019-05-31,0.10803274039448695,-0.15109170528685353,1.9242895225287417,-0.22238781672549132
mean,2019-06-03,0.133197982299714,0.015060862055461513,-0.5180671058574946,-0.034210926655346675
mean,2019-06-05,0.08648996357206017,0.01884509563897908,12.14045577737724,-0.04048535545253668
mean,2019-06-08,0.10825833380407181,0.07102212913328909,81.1865585605884,0.01551903587315107
mean,2019-06-10,0.17655780622283349,0.022353376976441918,-3.2194052246794387,-0.06258903419347978
mean,2019-06-13,0.10925001961299195,0.07039095476793189,0.6491892490256924,0.022324516415145733
mean,2019-06-15,0.08798257227132697,0.05187699413075939,2.5963583890400854,-0.005641836384249274
mean,2019-06-18,0.04691766203045078,0.11995000934361504,5.904399260228605,0.05727238700244375
mean,2019-06-20,0.09512883489945105,0.05756519283374396,21.917010253894293,0.015183052514460723
mean,2019-06-23,0.09682932093042432,0.0691878666912932,0.20478812846902725,0.018399012085111112
mean,2019-06-25,0.1116307597775473,0.00643337213523913,-7.042684529035878,-0.05789365585644092
mean,2019-06-28,0.10157392851527847,0.06722335439095475,0.5626659916676793,0.009136142652179003
mean,2019-06-30,0.12934722850381658,0.02728824660320615,-0.925204380428997,-0.06237211078040843
mean,2019-07-03,0.11558163761583808,0.07159360871852492,4.212526739860476,0.029443390840039902
mean,2019-07-05,0.0837716237662655,0.05505135957241757,34.304552834864175,-0.011387400557633782
mean,2019-07-08,0.101057432878841,0.06168076926745285,-2.4883708287449324,0.0010922137502859747
mean,2019-07-10,0.08794546658183713,0.03989187081947743,-10.18433190771375,-0.01752207590662913
mean,2019-07-13,0.09961892542415615,0.08057352057696997,8.471400197677736,0.03020381374048826
mean,2019-07-15,0.1116307597775473,0.00643337213523913,-7.042684529035878,-0.05789365585644092
mean,2019-07-18,0.10808035647711421,0.06703929614664364,-0.5746244493575192,0.00044299403394037053
mean,2019-07-20,0.12514574825361602,0.06448021718168141,1.4933605030773727,0.008161917321737459
mean,2019-07-23,0.11185433619347848,0.08830881723400211,-18.357739906758503,0.03321262360750751
mean,2019-07-25,0.08954985507699258,0.05394216678477169,-1.3716911162924983,-0.00745785074510948
mean,2019-07-28,0.10017246129115373,0.0663934389822414,162.01451831477257,0.004665031382740769
mean,2019-07-30,0.101606448812767,0.05745139695875213,3.1418033143755206,0.010455506558306016
mean,2019-08-02,0.10701943973614786,0.09014536127350706,-16.47985462516848,0.03944572301403246
mean,2019-08-04,0.10117876695156189,0.04305315150767965,-3.354730821363382,-0.025774475561160574
mean,2019-08-07,0.10535274566371197,0.05587295460560639,0.74711254701768,-0.004435358880061163
mean,2019-08-09,0.11123261281888687,0.04982642110326705,-4.388802317313419,0.0007418221786068478
mean,2019-08-12,0.11669692369665316,0.0699051725140281,18.31302894996881,0.02486458952522939
mean,2019-08-14,0.0962685189893844,0.05982507429481828,-1.174754827748515,-0.01202555666524724
mean,2019-08-17,0.10111707484934668,0.05738500276636993,-1.397377327885727,-0.005429940982700922
mean,2019-08-19,0.12240833437537585,0.04250827872170277,0.5931782258997044,-0.027757533616898544
mean,2019-08-22,0.11277044190385965,0.08201083846034678,68.6504881054286,0.026938593983163676
mean,2019-08-24,0.09212724817415215,0.04127988503783452,2.0882493660750523,-0.030522575998164672
mean,2019-08-27,0.10632904651775517,0.05337181648035524,-1.4300109379789676,-0.010915703199033715
mean,2019-08-29,0.1177167029880268,0.04871408870254051,-8.217466184309568,0.0010622059947756636
mean,2019-09-01,0.1116963424637041,0.08153405253999797,-2.8892825680261773,0.028690443876170785
mean,2019-09-03,0.0986288038587437,0.055561276115298965,-0.5841738835214279,-0.01112694685752521
mean,2019-09-06,0.0989052627226184,0.07017811095771369,87.17580068575914,0.0037652396009130867
mean,2019-09-08,0.11251889591695458,0.06768312119121332,33.08973916939723,0.020925696066357583
mean,2019-09-11,0.10875891767550733,0.07015928644519849,6.661937999847091,-0.0023918411199392764
mean,2019-09-13,0.1464404821866391,-0.0024054358077447487,-2.0229418347115824,-0.12040219882408465
mean,2019-09-16,0.10514479585493754,0.04572126945576609,-0.7201746433414307,-0.019966903593312314
mean,2019-09-18,0.10795959449757063,0.04799120272330606,2.5215216484278846,0.0040414944468403725
mean,2019-09-21,0.1116307597775473,0.00643337213523913,-7.042684529035878,-0.05789365585644092
mean,2019-09-26,0.09231227863253119,0.05943943791594155,0.26082969321382043,-0.0068510306267854015
mean,2019-09-28,0.10588824938169523,0.0427724786965983,5.352096876921728,0.005369433240182974
mean,2019-10-01,0.10968393715716324,0.08485221434624361,1.4707281665630703,0.03558842073969443
mean,2019-10-03,0.1116307597775473,0.00643337213523913,-7.042684529035878,-0.05789365585644092
mean,2019-10-06,0.10703509653056034,0.03825328080793352,2.486388494412756,-0.02418666361987704
mean,2019-10-08,0.1116307597775473,0.00643337213523913,-7.042684529035878,-0.05789365585644092
mean,2019-10-11,0.0964973431651739,0.0758134840291978,0.2622632379286596,0.017681452824398775
mean,2019-10-13,0.07970818056204043,0.02179614525094083,1.733915090759542,-0.04107662472723343
mean,2019-10-16,0.10672986592429864,0.039202366637587936,-25.158917339773144,-0.026276900559778178
mean,2019-10-18,0.10222468788325612,0.011549325123552237,3.4766245374310167,-0.0655441289477911
mean,2019-10-21,0.12239779950064884,0.06972312645486038,-7.219343671574275,0.012996437612560327
mean,2019-10-23,0.12714341365818693,0.04640740511416111,-1.6672362921531696,-0.02253734636796581
mean,2019-10-26,0.11509160081479505,0.03814533847197169,-6.521296687422039,-0.02468708065127571
mean,2019-10-28,0.142121978064412,0.039164097348732274,-2.0665010839113203,-0.016516101519415936
mean,2019-10-31,0.1116307597775473,0.00643337213523913,-7.042684529035878,-0.05789365585644092
mean,2019-11-02,0.03867889705925453,0.057987890751156755,5.068855523670917,0.01436695893172893
mean,2019-11-05,0.14017043169851234,0.07069980861954463,-1.1943582201329899,-0.00531089996914127
mean,2019-11-07,0.1116307597775473,0.00643337213523913,-7.042684529035878,-0.05789365585644092
mean,2019-11-10,0.1116307597775473,0.00643337213523913,-7.042684529035878,-0.05789365585644092
mean,2019-11-12,0.1116307597775473,0.00643337213523913,-7.042684529035878,-0.05789365585644092
mean,2019-11-15,0.1217539809757297,0.05243313440360384,1.7004125659872473,-0.021455292378603375
mean,2019-11-17,0.21458256622292948,-0.06943721178658863,1.943392894343605,-0.1542642590723478
mean,2019-11-20,0.1116307597775473,0.00643337213523913,-7.042684529035878,-0.05789365585644092
mean,2019-11-22,0.1013579726705747,0.0054385997672196,-5.052326425748915,-0.09395751470631375
mean,2019-11-25,0.1027264105438561,-0.012692702579633926,11.549159956302292,-0.0653399216873428
mean,2019-11-27,0.12653351001300134,0.009637211005254002,-7.631327230170678,-0.06268052627775991
mean,2019-11-30,0.1361408361528734,0.052516017273398975,-0.3697011706613189,-0.018239508326652467
mean,2019-12-02,0.13163526774198817,-0.0016827024154538377,4.280899440063018,-0.08390572902886786
mean,2019-12-05,0.1116307597775473,0.00643337213523913,-7.042684529035878,-0.05789365585644092
mean,2019-12-07,0.1116307597775473,0.00643337213523913,-7.042684529035878,-0.05789365585644092
mean,2019-12-10,0.1116307597775473,0.00643337213523913,-7.042684529035878,-0.05789365585644092
mean,2019-12-12,0.26571339514083475,-0.08959357930706477,0.2640093721837074,-0.23635629633666172
mean,2019-12-15,0.12115090197587168,0.03193953390366217,3.0288053258270278,-0.059037320563009005
mean,2019-12-17,0.47279141250437484,-0.15262791955861252,0.2712143467196129,-0.3460651339007952
mean,2019-12-20,-0.027178068386486755,-0.11219782717980047,7.9059399735945375,-0.19393434104091772
mean,2019-12-22,0.1116307597775473,0.00643337213523913,-7.042684529035878,-0.05789365585644092
mean,2019-12-25,0.11135225680653445,-0.2865870315456461,2.3832447781946358,-0.30237660817756906
mean,2019-12-27,0.1116307597775473,0.00643337213523913,-7.042684529035878,-0.05789365585644092
mean,2019-12-30,-0.006612247488271831,-0.6912743774702829,3.035841736762634,-0.6984743096363332
mean,2020-01-04,0.12739927164002718,0.013572504954921016,-0.4859850580656221,-0.06038992921144411
mean,2020-01-06,0.1116307597775473,0.00643337213523913,-7.042684529035878,-0.05789365585644092
mean,2020-01-09,0.12885597422344156,0.03715821522466807,2.3753209924774796,-0.02047244641388463
mean,2020-01-11,0.10582227008478776,0.019853046721431886,5.455320221807514,-0.05352462600531013
mean,2020-01-14,0.11805503133549866,0.017786673814902686,59.64103168373614,-0.07257959409698682
mean,2020-01-16,0.15143149659308774,0.00043839487755145445,-0.15807055703846828,-0.08104784230732029
mean,2020-01-19,0.1116307597775473,0.00643337213523913,-7.042684529035878,-0.05789365585644092
mean,2020-01-21,0.1386071775842527,0.008008375454131147,1.8827554820829107,-0.07023069921895043
mean,2020-01-24,0.11868657433201642,0.030269814358235374,3.5727083203647547,-0.043986804691890515
mean,2020-01-26,0.1094423647404763,-0.007531787943810374,38.617814595090806,-0.06975912764512097
mean,2020-01-29,0.1116307597775473,0.00643337213523913,-7.042684529035878,-0.05789365585644092
mean,2020-01-31,0.11943109022739835,0.05464352946980258,5.978551566378882,0.0018331033988109849
mean,2020-02-03,0.1116307597775473,0.00643337213523913,-7.042684529035878,-0.05789365585644092
mean,2020-02-05,0.1116307597775473,0.00643337213523913,-7.042684529035878,-0.05789365585644092
mean,2020-02-08,-0.008823744387562631,-0.15121118830317232,-1.1457837886118494,-0.2273280974218574
mean,2020-02-10,0.10332114406262495,0.04960833949561631,1.0174263619098967,0.0023199572490865752
mean,2020-02-13,0.19962536097633998,-0.04303823048050248,-0.8346247540361069,-0.14179687565934
mean,2020-02-15,0.1116307597775473,0.00643337213523913,-7.042684529035878,-0.05789365585644092
mean,2020-02-18,0.13800685053167328,0.06863974462360334,0.3795412161999686,0.009748054730562792
mean,2020-02-20,0.1116307597775473,0.00643337213523913,-7.042684529035878,-0.05789365585644092
mean,2020-02-23,0.11603209695023001,0.03504182968890358,0.9975935494508964,-0.0270365933455917
mean,2020-02-25,0.11136851490869946,0.04723857962860233,2.3212667500203277,0.009250734453724098
mean,2020-02-28,0.14648985666387618,0.05669811548867919,-3.768629473612141,0.0045929894930394986
mean,2020-03-01,0.11551865685260629,0.0382149679556822,-1.4029869892197033,-0.015217272378985226
mean,2020-03-04,0.09707807620078043,-0.09624188641369069,1.8674867378794375,-0.22152088821238083
mean,2020-03-06,0.1116307597775473,0.00643337213523913,-7.042684529035878,-0.05789365585644092
mean,2020-03-09,0.1116307597775473,0.00643337213523913,-7.042684529035878,-0.05789365585644092
mean,2020-03-11,0.12624954595986937,0.010751040244823337,2.7178967067380744,-0.06356233912683348
mean,2020-03-14,0.11830176749866139,0.03659339680893208,3.088253677859298,-0.027892734010111126
mean,2020-03-16,0.08366348657518474,-0.010856659518129528,-9.8448892755322,-0.06593232263970597
mean,2020-03-19,0.14120082419537552,0.04736620204501664,-9.756702851569692,-0.002598848504318192
mean,2020-03-21,0.11388727871205409,0.029705648540736235,0.9404529328661908,-0.02936079781334595
mean,2020-03-24,0.027149234100954482,-0.5059898177096659,3.0051103817278717,-0.5073559892641818
mean,2020-03-26,0.1116307597775473,0.00643337213523913,-7.042684529035878,-0.05789365585644092
mean,2020-03-29,0.19054543092109155,-0.07215004716241614,1.2843023386982173,-0.18779582538710657
mean,2020-03-31,0.1150473229685429,-0.002817054836758415,-3.5931881418332696,-0.10703107930082975
mean,2020-04-03,0.1116307597775473,0.00643337213523913,-7.042684529035878,-0.05789365585644092
mean,2020-04-05,0.1116307597775473,0.00643337213523913,-7.042684529035878,-0.05789365585644092
mean,2020-04-08,0.13736672770909025,0.033889665737703197,1.1551039485891132,-0.015384344767407424
mean,2020-04-10,0.12287589245019909,0.029415705508932417,11.587249556670546,-0.029205132639631065
mean,2020-04-13,0.125063232971585,0.031226511361626626,4.132543659012464,-0.03029427574095032
mean,2020-04-15,0.1116307597775473,0.00643337213523913,-7.042684529035878,-0.05789365585644092
mean,2020-04-18,0.1347632762221588,0.06150508982998153,0.4401947591699977,0.017746258878643523
mean,2020-04-20,0.11460419968742043,-0.11080008683014493,2.1864800807527778,-0.19831423881509444
mean,2020-04-23,0.1116307597775473,0.00643337213523913,-7.042684529035878,-0.05789365585644092
mean,2020-04-25,0.12351904187098761,0.03457164303520083,17.365770312631494,0.011429057045549779
mean,2020-04-28,0.12979580888638842,0.06469202106535878,2.5099711557305175,0.021432271573108643
mean,2020-04-30,0.12198876995676064,0.02785442531516965,0.9025438290196917,-0.03357616376510725
mean,2020-05-03,0.11527735516630276,0.040673238087246086,-0.8232281537779663,-0.0022694849943020157
mean,2020-05-05,0.13595976085146488,0.03335199450300724,-0.5444765354193395,0.0020943479607001426
mean,2020-05-08,0.14481363033726452,0.0570172892329689,-5.475370177486733,0.015110727155220799
mean,2020-05-10,0.1116307597775473,0.00643337213523913,-7.042684529035878,-0.05789365585644092
mean,2020-05-13,0.12169178656555774,0.035469936909820955,7.938689941471217,-0.01678028125848462
mean,2020-05-15,0.1311034322046032,-0.17653927489686763,2.0887927156683213,-0.293924482772773
mean,2020-05-18,0.1116307597775473,0.00643337213523913,-7.042684529035878,-0.05789365585644092
mean,2020-05-20,0.08444704192721728,-0.014230160487338665,3.6298396900558334,-0.0760601005490851
mean,2020-05-23,0.11498009541407994,0.04751418387003552,-0.7455646373021598,-0.008680026395676997
mean,2020-05-25,0.1116307597775473,0.00643337213523913,-7.042684529035878,-0.05789365585644092
mean,2020-05-28,0.09734030945812575,0.04773018253256183,-0.6832438864721221,0.001317442856277378
mean,2020-05-30,0.12386644667568451,0.014628270388360046,0.10355444877539195,-0.05355665405123642
mean,2020-06-02,0.10560058566533835,0.03975636882641183,10.741656719701524,-0.011844790913282917
mean,2020-06-04,0.11890282171646549,0.03932195582898227,-0.4368328633544955,0.005195261753950142
mean,2020-06-07,0.09959319969036479,0.07089604892908702,-2.043667284436446,0.02996202821024195
mean,2020-06-09,0.09153232296456655,0.02769455823930974,0.6325755658582999,-0.04520393720344843
mean,2020-06-12,0.12263020750808494,0.03925653436517111,2.2666306278148176,-0.013610933181255285
mean,2020-06-14,0.10937994654175379,0.051978041397819724,-57.61538833989894,0.017709084282133896
mean,2020-06-17,0.11008848084031608,0.08092334182158101,6.81490280586091,0.03968419907982742
mean,2020-06-19,0.11261770678922187,0.04053018356321764,0.73480985841064,-0.01654010730487515
mean,2020-06-22,0.1116307597775473,0.00643337213523913,-7.042684529035878,-0.05789365585644092
mean,2020-06-24,0.08574411287118648,0.04646120036112516,0.633718625019341,0.005973417320091877
mean,2020-06-27,0.11284023605085977,0.0783239737159103,-3.705686576132451,0.036584877921827484
mean,2020-06-29,0.09832021213767399,0.058335159411280514,-6.091645040038639,-0.002836887170926989
mean,2020-07-02,0.09986142726955625,0.07849662967204889,553.4981585375403,0.020974962781472595
mean,2020-07-04,0.09640943237444388,0.06307943475482788,-3.3687022476606567,0.024213355608090455
mean,2020-07-07,0.1116307597775473,0.00643337213523913,-7.042684529035878,-0.05789365585644092
mean,2020-07-09,0.1291584238397187,0.02615755705107649,2.9792241854147754,-0.07520226593171751
mean,2020-07-12,0.09755396033778818,0.06795685666245078,2.3357247095751235,0.007577815729325817
mean,2020-07-14,0.1116307597775473,0.00643337213523913,-7.042684529035878,-0.05789365585644092
mean,2020-07-17,0.0967635747081636,0.09120078676093504,4.634937356599023,0.043896305752765076
mean,2020-07-19,0.0766984216315098,0.055590828047477364,0.7168889076740523,-0.005132885673189366
mean,2020-07-22,0.10148218111455555,0.035022673234011835,0.26992360617138816,-0.0548078737616215
mean,2020-07-24,0.09415573968478218,0.06259370259321624,1.549355449255373,0.024258749508528993
mean,2020-07-27,0.10058746232257469,0.0929768009634608,176.81426652887313,0.046975254225397306
mean,2020-07-29,0.08752027982624856,0.05744080643259071,-2.651790091880562,-0.0067056064443069925
mean,2020-08-01,0.08808852425319168,0.08250948868865547,-0.5768837907892286,0.019110486774608575
mean,2020-08-03,0.09894795822519432,0.06307909084020696,26.842663603655534,0.015386601460011737
mean,2020-08-06,0.09640542147732196,0.08127720310020532,6.524610553794583,0.026930460304581398
mean,2020-08-08,0.0769512038890247,0.06523966991482198,-8.597305840939024,0.01379436790750325
mean,2020-08-11,0.09320384472251605,0.07260558256396565,-10.897255338026788,0.004898994818902732
mean,2020-08-13,0.09959292989716916,0.0728842193906312,-1.2396334576138013,0.029446109472262966
mean,2020-08-16,0.10059842692950956,0.09724347032064415,-2.8605256249545685,0.05034921813732997
mean,2020-08-18,0.08790674413355705,0.06109053725466949,1.9298331444833838,-0.005136843261834587
mean,2020-08-21,0.08431578252820164,0.06470663833180358,8.297091001758414,0.002654522710255644
mean,2020-08-23,0.09897013992763684,0.06374173368277039,-276.4620464085357,0.021833934773094543
mean,2020-08-26,0.10230891123222903,0.09747143127983625,0.49197624385567096,0.04881221530453821
mean,2020-08-28,0.09656539140009392,0.06088512275422622,3.2772101488760055,-0.004063368333165558
mean,2020-08-31,0.09673172285653305,0.057938087530233974,-0.7072696523108363,-0.0016791424049109325
mean,2020-09-02,0.10764510733293872,0.06624727241607502,-33.84862614452632,0.021231409927500805
mean,2020-09-05,0.11594461780366021,0.09178917454848647,-4.313070812303897,0.04072549588469147
mean,2020-09-07,0.09035677950279336,0.053802695719116236,-2.137408794409896,-0.014625004655331357
mean,2020-09-10,0.08946990342612089,0.06007565165991282,-3.854222183517975,-0.02240458154146661
mean,2020-09-12,0.11399440159147087,0.0656932194477695,-151.16179831230542,0.019616608718675127
mean,2020-09-15,0.11287175886608078,0.07844943781012587,-5.452910220032659,0.023859998875133508
mean,2020-09-17,0.03604429517093849,0.013600691569224053,1.030230595084249,-0.055542869518471205
mean,2020-09-20,0.1116307597775473,0.00643337213523913,-7.042684529035878,-0.05789365585644092
mean,2020-09-22,0.10345224960747469,0.049844109613254146,29.504277730449072,0.004159493365041778
mean,2020-09-25,0.10904862355816797,0.08422746195548374,-4.3230666822707615,0.03700319086271751
mean,2020-09-27,0.10323383891166801,0.032273987018078126,0.7165246742814299,-0.036751902478742784
mean,2020-09-30,0.10755477724654647,0.04249918850625217,0.21603888997682447,-0.018443304589118907
mean,2020-10-02,0.16670054795860456,0.027480342358440595,0.18534933091125233,-0.04429831521915095
mean,2020-10-05,0.1116307597775473,0.00643337213523913,-7.042684529035878,-0.05789365585644092
mean,2020-10-07,0.10626301117739155,0.005308972804693226,0.25942332229965837,-0.09723576379869912
mean,2020-10-10,0.10306129486963735,0.05117409123420105,0.06991035146572264,-0.013214297453584784
mean,2020-10-12,0.11177581382714545,0.042964273045720446,-1.2134973084051097,-0.0016014817615191653
mean,2020-10-15,0.12292465266348074,0.07984278420037494,13.057172310623393,0.029571153971132184
mean,2020-10-17,0.1116307597775473,0.00643337213523913,-7.042684529035878,-0.05789365585644092
mean,2020-10-20,0.049299670285826415,0.01233654837265195,-1.806235604217751,-0.08301877524975071
mean,2020-10-22,0.13054291353860148,0.061018726429856444,1.0552462997174599,0.014426341966657224
mean,2020-10-25,0.1781321235769963,0.008542614489121643,6.212501666632015,-0.08512679346176395
mean,2020-10-27,0.13605311657645489,0.054005322373475766,1.568688550596243,-0.01847675065726524
mean,2020-10-30,0.12649128942946386,-0.09988507744449444,1.0062786827683416,-0.1750845871179345
mean,2020-11-01,0.12308990016227146,0.030374920692288237,-33.35303806512071,-0.03125035212233692
mean,2020-11-04,0.1116307597775473,0.00643337213523913,-7.042684529035878,-0.05789365585644092
mean,2020-11-06,0.08121935571623203,-0.12151033870614353,1.3696170520428415,-0.27541481361535963
mean,2020-11-09,0.1116307597775473,0.00643337213523913,-7.042684529035878,-0.05789365585644092
mean,2020-11-11,0.1116307597775473,0.00643337213523913,-7.042684529035878,-0.05789365585644092
mean,2020-11-14,0.12124223378604844,0.04400186004456274,-1.5264237252247999,-0.01494689304622272
mean,2020-11-16,0.12742217393598446,0.042643906120373484,-212.82056099455997,-0.03644586171029062
mean,2020-11-19,0.17594778342870138,-0.2552330307980572,1.6189824507683592,-0.4454347851730886
mean,2020-11-21,0.1116307597775473,0.00643337213523913,-7.042684529035878,-0.05789365585644092
mean,2020-11-24,0.1116307597775473,0.00643337213523913,-7.042684529035878,-0.05789365585644092
mean,2020-11-26,0.15724730931368652,0.03566874726162247,-1.969190911431142,-0.05301260159792272
mean,2020-11-29,0.1116307597775473,0.00643337213523913,-7.042684529035878,-0.05789365585644092
mean,2020-12-01,0.1116307597775473,0.00643337213523913,-7.042684529035878,-0.05789365585644092
mean,2020-12-04,0.1116307597775473,0.00643337213523913,-7.042684529035878,-0.05789365585644092
mean,2020-12-06,0.1116307597775473,0.00643337213523913,-7.042684529035878,-0.05789365585644092
mean,2020-12-09,0.1116307597775473,0.00643337213523913,-7.042684529035878,-0.05789365585644092
mean,2020-12-11,0.1116307597775473,0.00643337213523913,-7.042684529035878,-0.05789365585644092
mean,2020-12-14,0.1116307597775473,0.00643337213523913,-7.042684529035878,-0.05789365585644092
mean,2020-12-16,0.1116307597775473,0.00643337213523913,-7.042684529035878,-0.05789365585644092
mean,2020-12-19,0.06782867900379239,-0.05278183465890819,0.7151937048558461,-0.1484303674866886
mean,2020-12-21,0.1116307597775473,0.00643337213523913,-7.042684529035878,-0.05789365585644092
mean,2020-12-24,0.12416877063677788,0.05658468652322713,-5.964203496290276,-0.013231307213022276
mean,2020-12-26,0.1116307597775473,0.00643337213523913,-7.042684529035878,-0.05789365585644092
mean,2020-12-31,0.11072461533742155,-0.011280539800930757,0.948231379117154,-0.08771234698970375
mean,2021-01-03,0.21854758949603695,-0.0935327983864079,1.791809723301919,-0.21328223544456282
mean,2021-01-05,0.1370732097511677,0.011614722824474913,-81.48514458190253,-0.08265701856618352
mean,2021-01-08,0.1116307597775473,0.00643337213523913,-7.042684529035878,-0.05789365585644092
mean,2021-01-10,0.1116307597775473,0.00643337213523913,-7.042684529035878,-0.05789365585644092
mean,2021-01-13,0.1358143556611599,-0.010073575938610833,1.281416694303889,-0.07674529273042241
mean,2021-01-15,0.14355470167639217,0.01599142733586243,-0.7297668437925017,-0.0718302323488056
mean,2021-01-18,0.13907454265038732,0.003981204777185096,0.5573092824577026,-0.07211650932394048
mean,2021-01-20,0.13806959654676493,0.02991475030057196,-0.33838615654233,-0.021591033541720085
mean,2021-01-23,0.1116307597775473,0.00643337213523913,-7.042684529035878,-0.05789365585644092
mean,2021-01-25,0.14978489591437874,0.04826411890831322,-1.7592742602809095,-0.039689609015326754
mean,2021-01-28,0.13878063108149502,0.022999733622347585,2.809103605946205,-0.043687937729617175
mean,2021-01-30,0.060841534788495064,-0.07108060805074151,1.5776017478868793,-0.11798698025588085
mean,2021-02-02,0.2222127454507861,0.055367567921359676,-2.7961890303924273,-0.017627886884873416
mean,2021-02-04,0.1376334179701807,0.05876583618791211,1.9360022709468117,-0.015066286330113931
mean,2021-02-07,0.1116307597775473,0.00643337213523913,-7.042684529035878,-0.05789365585644092
mean,2021-02-09,0.15035109795686197,0.02574002568176551,-12.087737651301259,-0.050088210666464225
mean,2021-02-12,0.14090936293219233,0.07470704327924148,-2.4622409129618914,0.022898291520070658
mean,2021-02-14,0.1116307597775473,0.00643337213523913,-7.042684529035878,-0.05789365585644092
mean,2021-02-17,0.04452106585594684,-0.36171314284068873,1.9469917676810329,-0.40947534849223566
mean,2021-02-19,0.11557867297890773,-0.002210035277276704,1.109679035079869,-0.0544729480531014
mean,2021-02-22,0.13121025873311354,0.04281775171076411,-1.2938915582006638,-0.022878773735795607
mean,2021-02-24,0.12331880316975512,0.020575197993202374,10.621614359430486,-0.05624183066623966
mean,2021-02-27,0.13493910398910922,0.03748424205473116,-2.6739982615128244,-0.025710123243598035
mean,2021-03-01,0.12473606893479885,0.035766874662958456,-0.5472267450116005,-0.008078908571757602
mean,2021-03-04,0.13538836439849483,0.05495609809180237,-0.6157438142215524,0.007471727715017935
mean,2021-03-06,0.13721389134232256,0.017714201835375053,-4.275504073551526,-0.051962025702270126
mean,2021-03-09,0.09930800745486684,0.01329299356677947,3.329013276497347,-0.05319990234503393
mean,2021-03-11,0.07357244612643042,-0.023130128512537682,2.4495812879547376,-0.06890649739840413
mean,2021-03-14,0.13152668865055497,0.0788775869741988,6.977264959111424,0.031190794986762065
mean,2021-03-16,0.13207314924593172,0.03605219574076607,-6.424479018986427,-0.02217523952318044
mean,2021-03-19,0.1116307597775473,0.00643337213523913,-7.042684529035878,-0.05789365585644092
mean,2021-03-21,0.1116307597775473,0.00643337213523913,-7.042684529035878,-0.05789365585644092
mean,2021-03-24,0.005150247851728263,-0.6866911349887591,3.032157032588705,-0.6681309702956538
mean,2021-03-26,0.12011537398326284,0.013405774627320509,-4.346820449491738,-0.05367461178799811
mean,2021-03-29,0.11457751354063334,0.047031188764116785,-12.863130554119037,-0.013809846170831318
mean,2021-03-31,0.19184223327348468,0.01918875261301457,40.493645226920954,-0.08331037963282587
mean,2021-04-03,0.11788422039441165,0.052573186256926245,4.720972569191476,0.009289580446553761
mean,2021-04-05,0.1116307597775473,0.00643337213523913,-7.042684529035878,-0.05789365585644092
mean,2021-04-08,0.1116307597775473,0.00643337213523913,-7.042684529035878,-0.05789365585644092
mean,2021-04-10,0.12349273028551443,0.0076486770528354,-3.8142112310998204,-0.028924461766202336
mean,2021-04-13,0.20042150529218694,-0.10796501326055044,1.2040371901900473,-0.21917935686456944
mean,2021-04-15,0.11463330612493491,0.00968488786722307,-1.238098142582051,-0.04041020854657528
mean,2021-04-18,0.06259186425441099,-0.031145568555054754,-0.5101526428338546,-0.09453868978008388
mean,2021-04-20,0.12094364272034576,0.022987183611448705,0.33126716609227624,-0.0036859737187289166
mean,2021-04-23,0.1116307597775473,0.00643337213523913,-7.042684529035878,-0.05789365585644092
mean,2021-04-25,0.13488220134867665,-0.11227509327523412,1.080393501535943,-0.25301251070187575
mean,2021-04-28,0.044991198376781505,-0.009724076927701147,1.3454109076711518,-0.0706283553522049
mean,2021-04-30,0.12085484651928696,0.017604056377466214,0.607538598089323,-0.02412685574346532
mean,2021-05-03,0.1306627207911957,-0.03309612469266689,-4.031869134532135,-0.10791066259458243
mean,2021-05-05,0.4162788000267339,-0.1505238370601271,0.5607496905250203,-0.23689397117212746
mean,2021-05-08,0.11406435603972488,0.04043510975076234,-2.7960592877193333,-0.017107407918986996
mean,2021-05-10,0.14566974806030877,0.04146582510773136,5.944297489601944,0.00045198107128684585
mean,2021-05-13,0.13415191353876946,0.06397013872343783,-35.23502543320501,0.023036501164478446
mean,2021-05-15,0.1116307597775473,0.00643337213523913,-7.042684529035878,-0.05789365585644092
mean,2021-05-18,0.11295626468716957,0.04880862456941614,2.625607823646909,-0.0038408244981737393
mean,2021-05-20,0.06852236086615282,-0.040785144484373606,0.3659413556795791,-0.08329539765761569
mean,2021-05-23,0.11177638814493988,0.05894743021820478,-6.020354813770258,0.020529011165695454
mean,2021-05-25,0.08819009417339771,0.019697819519660285,0.6811958427421353,-0.04643122178515292
mean,2021-05-28,0.10877504075244404,0.048949298953098214,-6.235380824522402,-0.008146872657806106
mean,2021-05-30,0.1116307597775473,0.00643337213523913,-7.042684529035878,-0.05789365585644092
mean,2021-06-02,0.11123699008898345,0.054552047308542316,-13.991017268830593,0.011630252985845798
mean,2021-06-04,0.08743834298334989,0.0347687074158685,0.34010389070031105,-0.020270538903125287
mean,2021-06-07,0.11083773532229203,0.05562855123780413,1.32109774458087,-0.021775169084132573
mean,2021-06-09,0.17242654839151028,-0.4114393814315201,2.473069747958372,-0.5662152112347221
mean,2021-06-12,0.09324122616102003,0.0815459538851337,3.0973067072620193,0.04579846650226538
mean,2021-06-14,0.10195521747574908,0.011339313861873408,-1.9803107516414216,-0.04814754161038836
mean,2021-06-17,0.07282231084526129,-0.0458684017500001,0.8062246507344999,-0.19964235624344803
mean,2021-06-19,0.10260736531186945,0.052302258406099325,2.868990584084792,0.008209103948492322
mean,2021-06-22,0.1260825135919868,0.01690048819071834,5.614888978330484,-0.060246553311261414
mean,2021-06-24,0.08015703971136433,0.028160699092989978,-0.12894066842103738,-0.03590781166576165
mean,2021-06-27,0.09572635338848952,0.0683497696717942,-0.35649754737242106,0.008012433322961964
mean,2021-06-29,0.09132000199563425,0.042709885923205834,10.064819337303614,-0.004412700436444675
mean,2021-07-02,0.10595877864874167,0.05680192433395975,-2.529278821188375,0.017730056137220087
mean,2021-07-04,0.08836105312442323,0.038483164081080976,-0.02826905918202473,-0.020170157623394337
mean,2021-07-07,0.09197091644903817,0.07762262662006063,-7.922619572446219,0.01728192665816046
mean,2021-07-09,0.09451567563944933,0.06387744084179502,-22.847738248718684,0.015488288845258949
mean,2021-07-12,0.09756022950888169,0.09221978605460865,-0.5729652927738267,0.048670731022085155
mean,2021-07-14,0.08508472492254669,0.04471881212901475,1.00957566385581,-0.02292305978193568
mean,2021-07-17,0.08808100495304771,0.07934482637652157,6.305087541015068,0.013930666258234132
mean,2021-07-19,0.0782997819710292,0.05912982357409574,-8.112192237283418,0.013004603290232812
mean,2021-07-22,0.09423336887270407,0.07836057116433312,0.45687349014578177,0.033851828345551296
mean,2021-07-24,0.031906033392966,0.01947593303109851,1.1155177812999253,-0.0419567410620774
mean,2021-07-27,0.09655793217913457,0.063025714434961,-1.5209827441781534,-0.0009094773163683355
mean,2021-07-29,0.089554372634113,0.03824966834736533,3.956096160077836,-0.01839504941204531
mean,2021-08-01,0.09843693706335215,0.07651452312519527,-2.3306634488742026,0.03291909814459541
mean,2021-08-03,0.0831336223198599,0.025435491155546264,-48.8978312004657,-0.039690267480099774
mean,2021-08-06,0.09805234231972976,0.05978022182253112,-7.716285576334416,0.0002671784297644317
mean,2021-08-08,0.14263580430591427,0.1055796719735931,-20.69551978455618,0.06336981538036866
mean,2021-08-11,0.1004500992433837,0.061561557233241124,22.63042268603769,-0.007641631572841424
mean,2021-08-13,0.05943765758502421,0.031151652361191356,-5.0429108207362425,-0.044586928350194614
mean,2021-08-16,0.09393624415523537,0.07429584337609683,-0.9394661985645993,0.011923905531417653
mean,2021-08-18,0.08034179202305225,0.04923230835271835,-0.643465422347594,-0.00669753839185034
mean,2021-08-21,0.08854541218366188,0.08589697502154953,-2.8736021330061594,0.02477975443665168
mean,2021-08-23,0.08867808018850393,0.03832897224484536,-7.294670084509345,-0.030981248982217265
mean,2021-08-26,0.09143469129193593,0.056673238650157304,-1.3784481707103005,-0.016654368473446254
mean,2021-08-28,0.08392716592608461,0.040773919316711364,-3.644042889029465,-0.014817391646454146
mean,2021-08-31,0.09328585202313566,0.08371591348582175,9.159642627432172,0.03549194505590666
mean,2021-09-02,0.08638639409861187,0.03302751871404427,-7.706008835160746,-0.032754020036752866
mean,2021-09-05,0.08657565002740429,0.05759769924414041,100.83107311710613,-0.014416208926971421
mean,2021-09-07,0.09909760004442995,0.029315064687487347,-5.1337988808269515,-0.01573773480856797
mean,2021-09-10,0.06561429544905428,0.06686493715613596,18.726568874270985,0.020173937490374078
mean,2021-09-12,0.1116307597775473,0.00643337213523913,-7.042684529035878,-0.05789365585644092
mean,2021-09-15,0.09794483235498953,0.05891299705238682,-13.12111421676987,-0.0015157487154346776
mean,2021-09-17,0.092979382736354,0.02337429913099006,1.109341098350328,-0.03032164322998722
mean,2021-09-20,0.09625182892102865,0.07357484819884666,-4.769035170535221,0.026186109323058867
mean,2021-09-22,0.07848026868675317,-0.030406197846886727,-0.39640734269502415,-0.10684887654739543
mean,2021-09-25,0.10870708614532702,0.04051496044999833,0.35043971973830157,-0.018672908322128524
mean,2021-09-27,0.10068528201884976,0.039761111734190946,7.3834569643742265,-0.0070077427401483965
mean,2021-09-30,0.1116307597775473,0.00643337213523913,-7.042684529035878,-0.05789365585644092
mean,2021-10-02,0.20810748958113526,-0.07071716044215999,0.18559404790150108,-0.18783456713406296
mean,2021-10-05,0.09642403145328243,0.04521061478933734,2.825367100497422,-0.016248236525955796
mean,2021-10-07,0.1116307597775473,0.00643337213523913,-7.042684529035878,-0.05789365585644092
mean,2021-10-10,0.1116307597775473,0.00643337213523913,-7.042684529035878,-0.05789365585644092
mean,2021-10-12,0.11034431906137376,-0.00611765635040396,-1.1947239619070642,-0.07490015053643051
mean,2021-10-15,0.1116307597775473,0.00643337213523913,-7.042684529035878,-0.05789365585644092
mean,2021-10-17,0.1116307597775473,0.00643337213523913,-7.042684529035878,-0.05789365585644092
mean,2021-10-20,0.04835834771706711,-0.011814322623349116,-0.48796174153558963,-0.07656780244560703
mean,2021-10-22,0.11167631769321085,0.032284200201750164,40.18186275699642,-0.03860782465041442
mean,2021-10-25,0.1116307597775473,0.00643337213523913,-7.042684529035878,-0.05789365585644092
mean,2021-10-27,0.1116307597775473,0.00643337213523913,-7.042684529035878,-0.05789365585644092
mean,2021-10-30,0.1116307597775473,0.00643337213523913,-7.042684529035878,-0.05789365585644092
mean,2021-11-01,0.13005481897885687,0.012125706214406997,1.1653372198786012,-0.08126281614108445
mean,2021-11-04,0.1068493032272718,0.052616974241241406,-0.8277140093090102,-0.015974828819400363
mean,2021-11-06,0.1116307597775473,0.00643337213523913,-7.042684529035878,-0.05789365585644092
mean,2021-11-09,0.1116307597775473,0.00643337213523913,-7.042684529035878,-0.05789365585644092
mean,2021-11-11,0.1116307597775473,0.00643337213523913,-7.042684529035878,-0.05789365585644092
mean,2021-11-14,0.1116307597775473,0.00643337213523913,-7.042684529035878,-0.05789365585644092
mean,2021-11-16,0.1116307597775473,0.00643337213523913,-7.042684529035878,-0.05789365585644092
mean,2021-11-19,0.1116307597775473,0.00643337213523913,-7.042684529035878,-0.05789365585644092
mean,2021-11-21,0.13040641446930995,0.014000534433800747,2.690302724722664,-0.06757088641138505
mean,2021-11-24,0.1116307597775473,0.00643337213523913,-7.042684529035878,-0.05789365585644092
mean,2021-11-26,0.1116307597775473,0.00643337213523913,-7.042684529035878,-0.05789365585644092
mean,2021-11-29,0.11766401228657047,0.041144715524411485,1.1520142509636782,-0.025442960919657334
mean,2021-12-01,0.12709498602658995,0.01174357855859955,2.1389097472092353,-0.06257898336416966
mean,2021-12-04,0.06440012886285085,-0.6059305585540641,3.1746248384729667,-0.5625963196471222
mean,2021-12-06,0.0636322180866989,0.050495495645611954,1.1506098875377186,-0.008567365651806224
mean,2021-12-09,0.1440110141825857,0.019453284204258143,-1.1455772572302456,-0.055967384491091614
mean,2021-12-11,0.1116307597775473,0.00643337213523913,-7.042684529035878,-0.05789365585644092
mean,2021-12-14,0.1116307597775473,0.00643337213523913,-7.042684529035878,-0.05789365585644092
mean,2021-12-16,0.16037512008875143,0.023801367934615885,3.939965100337595,-0.054155911472843064
mean,2021-12-19,0.1116307597775473,0.00643337213523913,-7.042684529035878,-0.05789365585644092
mean,2021-12-21,0.09756164257952858,-0.07843443782936269,-112.37725091135404,-0.1750602437860522
mean,2021-12-24,0.12074214098959267,0.0201509765972029,0.8209491602731782,-0.04851921079294467
mean,2021-12-26,0.1116307597775473,0.00643337213523913,-7.042684529035878,-0.05789365585644092
mean,2021-12-29,0.1116307597775473,0.00643337213523913,-7.042684529035878,-0.05789365585644092
mean,2021-12-31,0.06808970867791643,-0.027491731678257525,-4.137718718444003,-0.11124888553510882
mean,2022-01-03,0.12093364205921271,0.016075683538452536,-14.03592855505602,-0.05039609068559807
mean,2022-01-05,0.11969906622733675,0.005216295363540467,0.6236054296055544,-0.05048161407220294
mean,2022-01-08,0.1116307597775473,0.00643337213523913,-7.042684529035878,-0.05789365585644092
mean,2022-01-10,0.07655968133323687,-0.08420418694020101,1.621771288652046,-0.18682672059417185
mean,2022-01-13,0.1116307597775473,0.00643337213523913,-7.042684529035878,-0.05789365585644092
mean,2022-01-15,0.1315879937982782,-0.007812092128181637,1.4603602756217153,-0.07772787438029184
mean,2022-01-18,0.145443956812889,0.024617245072644803,2.3417697289746915,-0.03235850692266373
mean,2022-01-20,0.12563465104462548,0.0045643262850595025,24.203323082359578,-0.06006443842057726
mean,2022-01-23,0.10656443245258151,-0.148649821800137,3.229067640072033,-0.22452700190511501
mean,2022-01-25,0.1116307597775473,0.00643337213523913,-7.042684529035878,-0.05789365585644092
mean,2022-01-28,0.07668785761662064,0.006345504058895164,-14.951998730392445,-0.028992331811816936
mean,2022-01-30,0.07898950285617502,-0.002263191655153965,-1.4467544761785087,-0.049009020064968004
mean,2022-02-02,0.1116307597775473,0.00643337213523913,-7.042684529035878,-0.05789365585644092
mean,2022-02-04,0.08033199552624244,0.0008979360745241394,-14.802506827550625,-0.031607426075036034
mean,2022-02-07,0.090933678849773,0.01544956186422497,-56.496921763417376,-0.030634675060857715
mean,2022-02-09,0.07223171732476774,-0.01615015247968965,1.4835210473755929,-0.06402977001125788
mean,2022-02-12,0.1116307597775473,0.00643337213523913,-7.042684529035878,-0.05789365585644092
mean,2022-02-14,0.1116307597775473,0.00643337213523913,-7.042684529035878,-0.05789365585644092
mean,2022-02-17,0.07043560142716691,-0.008025640283754841,-10.250826255075104,-0.06491779922237126
mean,2022-02-19,0.07229759422145737,0.01253222239985331,0.23931955171781108,-0.03150632345459989
mean,2022-02-22,0.09070716629178933,0.06673566143231324,-6.1844124267348155,0.04204459129403864
mean,2022-02-24,0.07908919852217976,-0.0038003902490221946,-4.646048212175865,-0.03245984585073556
mean,2022-02-27,-0.015877656920570818,-0.638272489455526,3.0250039174239074,-0.6725568304019643
mean,2022-03-01,0.1116307597775473,0.00643337213523913,-7.042684529035878,-0.05789365585644092
mean,2022-03-04,0.04239855193026632,-0.025776378443569566,-39.889853341627045,-0.06170133308496946
mean,2022-03-06,0.0664140901293342,-0.18028410202135117,3.6597549303696364,-0.2445666919247661
mean,2022-03-09,0.1116307597775473,0.00643337213523913,-7.042684529035878,-0.05789365585644092
mean,2022-03-11,0.06941792803874396,-0.3449657766929106,3.1966693701042908,-0.3621530375886432
mean,2022-03-14,0.06298448107155621,-0.01810910238536645,-8.617308784994721,-0.06552746951317644
mean,2022-03-16,0.09318811652540213,-0.0975662055339259,2.0977706375687717,-0.1536926464082331
mean,2022-03-19,0.1116307597775473,0.00643337213523913,-7.042684529035878,-0.05789365585644092
mean,2022-03-21,0.1116307597775473,0.00643337213523913,-7.042684529035878,-0.05789365585644092
mean,2022-03-24,0.0827736401375627,0.01112349326157323,3.715127029327646,-0.03082017781113405
mean,2022-03-26,0.08206318465043036,0.012461708987469655,15.112462456009707,-0.02005812359480469
mean,2022-03-29,0.08782178011830374,0.005924325124256064,-4.730509006870746,-0.034611960402820365
mean,2022-03-31,0.1116307597775473,0.00643337213523913,-7.042684529035878,-0.05789365585644092
mean,2022-04-03,0.08519420623634383,0.007417105960962438,0.9468431037102367,-0.0342828289199052
mean,2022-04-05,0.1116307597775473,0.00643337213523913,-7.042684529035878,-0.05789365585644092
mean,2022-04-08,0.1116307597775473,0.00643337213523913,-7.042684529035878,-0.05789365585644092
mean,2022-04-10,0.08014254867986488,0.012722824496844119,-0.1486339819686371,-0.02122743146477042
mean,2022-04-13,0.08176194958217632,0.01732487954473222,13.715421933348559,-0.023578887575050902
mean,2022-04-15,0.08868337904406039,0.005018812903681122,7.255117159766914,-0.02247986117734761
mean,2022-04-18,0.1116307597775473,0.00643337213523913,-7.042684529035878,-0.05789365585644092
mean,2022-04-20,0.1116307597775473,0.00643337213523913,-7.042684529035878,-0.05789365585644092
mean,2022-04-23,0.09306713626393216,-0.025144562203791,-20.555101063758617,-0.07596353666128047
mean,2022-04-25,0.07760464725952289,-0.10712628586602994,1.9496604252967522,-0.1715285091393329
mean,2022-04-28,0.08825870852318439,0.020527495483129512,-35.982786852219014,-0.010051939414125957
mean,2022-04-30,0.1116307597775473,0.00643337213523913,-7.042684529035878,-0.05789365585644092
